ward_index,ward,lst_c,pixels,heat_score
0,A,37.02,11200,0.166
1,B,41.29,2917,0.97
2,C,40.15,2153,0.755
3,D,36.28,9064,0.026
4,E,39.31,8145,0.597
5,F/S,39.64,10847,0.659
6,G/S,37.57,10074,0.269
7,F/N,39.0,13388,0.539
8,G/N,38.3,9782,0.407
9,N,38.34,27930,0.414
10,R/C,36.14,51534,0.0
11,S,38.3,32021,0.407
12,T,36.96,42629,0.154
13,K/W,37.5,26636,0.256
14,R/N,36.9,15961,0.143
15,M/E,39.59,36621,0.65
16,M/W,39.33,19460,0.601
17,H/E,39.63,13315,0.657
18,K/E,40.45,26614,0.812
19,P/S,38.11,27609,0.371
20,P/N,37.24,49419,0.207
21,R/S,38.41,20779,0.427
22,H/W,37.09,10278,0.179
23,L,41.45,17894,1.0
